{
  "verification_timestamp": "2025-09-18 10:09:58",
  "stage_1_status": "VERIFIED",
  "model_files": {
    "original_size_mb": 1.326064109802246,
    "tflite_size_mb": 0.4243278503417969,
    "quantized_size_mb": 0.117218017578125
  },
  "performance_metrics": {
    "original_inference_ms": 273.9682912826538,
    "tflite_inference_ms": 7.869267463684082,
    "quantized_inference_ms": 8.53116512298584,
    "speedup_factor": 34.8149675363039
  },
  "mobile_readiness": {
    "standard_model": true,
    "quantized_model": true,
    "deployment_ready": true
  }
}